<EncodingProfile>
    <OutputFormat>Mp4</OutputFormat>
    <PreferredExtension>Mp4</PreferredExtension>
    <IncludeChapterMarkers>false</IncludeChapterMarkers>
    <LargeFile>true</LargeFile>
    <Optimize>false</Optimize>
    <IPod5GSupport>false</IPod5GSupport>
    <Width>0</Width>
    <Height>0</Height>
    <MaxWidth>0</MaxWidth>
    <MaxHeight>0</MaxHeight>
    <CroppingType>Automatic</CroppingType>
    <Cropping>
        <Top>0</Top>
        <Bottom>0</Bottom>
        <Left>0</Left>
        <Right>0</Right>
    </Cropping>
    <Anamorphic>Loose</Anamorphic>
    <UseDisplayWidth>false</UseDisplayWidth>
    <DisplayWidth>0</DisplayWidth>
    <KeepDisplayAspect>true</KeepDisplayAspect>
    <PixelAspectX>0</PixelAspectX>
    <PixelAspectY>0</PixelAspectY>
    <Modulus>2</Modulus>
    <Deinterlace>Off</Deinterlace>
    <Decomb>Default</Decomb>
    <Detelecine>Off</Detelecine>
    <Denoise>Off</Denoise>
    <Deblock>0</Deblock>
    <Grayscale>false</Grayscale>
    <VideoEncoder>x264</VideoEncoder>
    <X264Options />
    <X264Preset>medium</X264Preset>
    <X264Profile>high</X264Profile>
    <H264Level>4.1</H264Level>
    <VideoEncodeRateType>ConstantQuality</VideoEncodeRateType>
    <Quality>20</Quality>
    <TargetSize>0</TargetSize>
    <VideoBitrate>0</VideoBitrate>
    <TwoPass>false</TwoPass>
    <TurboFirstPass>false</TurboFirstPass>
    <Framerate>0</Framerate>
    <ConstantFramerate>false</ConstantFramerate>
    <AudioEncodings>
        <AudioEncoding>
            <InputNumber>0</InputNumber>
            <Encoder>faac</Encoder>
            <EncodeRateType>Bitrate</EncodeRateType>
            <Bitrate>0</Bitrate>
            <Mixdown>dpl2</Mixdown>
            <SampleRateRaw>0</SampleRateRaw>
            <Drc>0</Drc>
        </AudioEncoding>
        <AudioEncoding>
            <InputNumber>0</InputNumber>
            <Encoder>copy:ac3</Encoder>
            <EncodeRateType>Bitrate</EncodeRateType>
            <Bitrate>0</Bitrate>
            <Mixdown>dpl2</Mixdown>
            <Drc>0</Drc>
        </AudioEncoding>
    </AudioEncodings>
</EncodingProfile>